<?xml version="1.0" encoding="UTF-8"?>
<project-private xmlns="http://www.netbeans.org/ns/project-private/1">
    <editor-bookmarks xmlns="http://www.netbeans.org/ns/editor-bookmarks/2" lastBookmarkId="0"/>
    <open-files xmlns="http://www.netbeans.org/ns/projectui-open-files/2">
        <group>
            <file>file:/Users/niranuyanik/NetBeansProjects/proje/src/proje/UzayKesifAraci.java</file>
            <file>file:/Users/niranuyanik/NetBeansProjects/proje/src/proje/Karadelik.java</file>
            <file>file:/Users/niranuyanik/NetBeansProjects/proje/src/proje/GazDevi.java</file>
            <file>file:/Users/niranuyanik/NetBeansProjects/proje/src/proje/Galaksi.java</file>
            <file>file:/Users/niranuyanik/NetBeansProjects/proje/src/proje/Gezegen.java</file>
            <file>file:/Users/niranuyanik/NetBeansProjects/proje/src/proje/Proje.java</file>
            <file>file:/Users/niranuyanik/NetBeansProjects/proje/src/proje/YasanilabilirGezegen.java</file>
            <file>file:/Users/niranuyanik/NetBeansProjects/proje/src/proje/Cisim.java</file>
        </group>
    </open-files>
</project-private>
